{"count":1,"self":43.650652799999996,"total":469.18203,"children":{"InitializeActuators":{"count":5,"self":0.0019943,"total":0.0019943,"children":null},"InitializeSensors":{"count":5,"self":0.0018457999999999999,"total":0.0018457999999999999,"children":null},"AgentSendState":{"count":69951,"self":0.5206176,"total":151.26625579999998,"children":{"CollectObservations":{"count":69955,"self":0.0506014,"total":0.0506014,"children":null},"WriteActionMask":{"count":69955,"self":0.12047429999999999,"total":0.12047429999999999,"children":null},"RequestDecision":{"count":69955,"self":0.4001029,"total":150.57456249999998,"children":{"AgentInfo.ToProto":{"count":69955,"self":0.3866707,"total":150.1744596,"children":{"GenerateSensorData":{"count":69955,"self":1.7978783999999999,"total":149.78778889999998,"children":{"CameraSensor.GetCompressedObservation":{"count":69955,"self":147.9899136,"total":147.9899106,"children":null}}}}}}}}},"DecideAction":{"count":69951,"self":223.12371199999998,"total":223.12372309999998,"children":null},"AgentAct":{"count":69951,"self":50.7570176,"total":51.1365586,"children":{"AgentInfo.ToProto":{"count":170,"self":0,"total":0.37954109999999996,"children":{"GenerateSensorData":{"count":170,"self":0.0023764999999999997,"total":0.37954109999999996,"children":{"CameraSensor.GetCompressedObservation":{"count":170,"self":0.37716459999999996,"total":0.37716459999999996,"children":null}}}}}}}},"gauges":{"CatDetector.CumulativeReward":{"count":170,"max":39.49997,"min":14.0000172,"runningAverage":26.9088764,"value":33.00007,"weightedAverage":29.9778652}},"metadata":{"timer_format_version":"0.1.0","start_time_seconds":"1701538360","unity_version":"2022.3.9f1","command_line_arguments":"C:\\Program Files\\Unity\\Hub\\Editor\\2022.3.9f1\\Editor\\Unity.exe -projectpath C:\\Users\\Ceru\\Desktop\\Projects\\Machine Learning -useHub -hubIPC -cloudEnvironment production -licensingIpc LicenseClient-Ceru -hubSessionId 710d9115-1d2d-4de2-b07a-722864b452f1 -accessToken 7fFJ_vYFPn0FsVV81f-2wdniNr1O45VHcWnGpcGml-0003f","communication_protocol_version":"1.5.0","com.unity.ml-agents_version":"2.0.1","scene_name":"CatDetecting","end_time_seconds":"1701538829"}}